Workbook

Sheet Diagrama de Rede
B2: 0 | C2: =B2+1&"-"&D2 -> 1-2 | D2: =B2+D5 -> 2 | F2: =D2 -> 2 | G2: =F2+1&"-"&H2 -> 3-3 | H2: =F2+H5 -> 3 | J2: =H2 -> 3 | K2: =J2+1&"-"&L2 -> 4-4 | L2: =J2+L5 -> 4 | N2: =L2 -> 4 | O2: =N2+1&"-"&P2 -> 5-6 | P2: =N2+P5 -> 6 | R2: =P2 -> 6 | S2: =R2+1&"-"&T2 -> 7-9 | T2: =R2+T5 -> 9 | V2: =T2 -> 9 | W2: =V2+1&"-"&X2 -> 10-10 | X2: =V2+X5 -> 10 | Z2: =L7 -> 12 | AA2: =Z2+1&"-"&AB2 -> 13-14 | AB2: =Z2+AB5 -> 14 | AD2: =AB2 -> 14 | AE2: =AD2+1&"-"&AF2 -> 15-16 | AF2: =AD2+AF5 -> 16 | AH2: =AF7 -> 18 | AI2: =AH2+1&"-"&AJ2 -> 19-19 | AJ2: =AH2+AJ5 -> 19 | AL2: =AJ2 -> 19 | AM2: =AL2+1&"-"&AN2 -> 20-22 | AN2: =AL2+AN5 -> 22 | AT2: =AR7 -> 23 | AU2: =AT2+1&"-"&AV2 -> 24-25,5 | AV2: =AT2+AV5 -> 25.5
B3: A | F3: B | J3: C | N3: E | R3: F | V3: G | Z3: H | AD3: I | AH3: K | AL3: L | AT3: O
B5: 1 | C5: =Custo!D3 -> Nova | D5: 2 | F5: 2 | G5: =Custo!D4 -> Jean Gray | H5: 1 | J5: 3 | K5: =Custo!D5 -> Vespa | L5: 1 | N5: 5 | O5: =Custo!D7 -> Hulkling | P5: 2 | R5: 6 | S5: =Custo!D8 -> Nova | T5: 3 | V5: 7 | W5: =Custo!D9 -> Nova | X5: 1 | Z5: 8 | AA5: =Custo!D10 -> Wiccano | AB5: 2 | AD5: 9 | AE5: =Custo!D11 -> Hulkling | AF5: 2 | AH5: 11 | AI5: =Custo!D13 -> Nova | AJ5: 1 | AL5: 12 | AM5: =Custo!D14 -> Vespa | AN5: 3 | AT5: 15 | AU5: =Custo!D17 -> Aranha | AV5: 2.5
J7: =H2 -> 3 | K7: =J7+1&"-"&L7 -> 4-12 | L7: =J7+L10 -> 12 | AD7: =AB2 -> 14 | AE7: =AD7+1&"-"&AF7 -> 15-18 | AF7: =AD7+AF10 -> 18 | AL7: =AJ2 -> 19 | AM7: =AL7+1&"-"&AN7 -> 20-20 | AN7: =AL7+AN10 -> 20 | AP7: =AN7 -> 20 | AQ7: =AP7+1&"-"&AR7 -> 21-23 | AR7: =AP7+AR10 -> 23
J8: D | AD8: J | AL8: M | AP8: N
J10: 4 | K10: =Custo!J7 -> Gaviã | L10: 9 | AD10: 10 | AE10: =Custo!D12 -> Jean Gray | AF10: 4 | AL10: 13 | AM10: =Custo!D15 -> Gaviã | AN10: 1 | AP10: 14 | AQ10: =Custo!D16 -> Pantera | AR10: 3
C12: tarefas | L12: quantidade | P12: % do projeto
C13: CC | D13: 1; 2; 4; 8; 10; 11; 13; 14; 15 | L13: =COUNTA(B5,F5,J10,Z5,AD10,AH5,AL10,AP10,AT5) -> 9 | P13: =L13/AT5 -> 0.6
C14: TF | D14: 3(2*); 5(2*); 6(2*); 7(2*);9(2); 12(1) | L14: =COUNTA(J5,N5,R5,V5,AD5,AL5) -> 6 | P14: =L14/AT5 -> 0.4

Sheet Custo
B2: Tarefa | C2: Duração | D2: RH | E2: Custo RH/h | F2: Custo T RH | G2: Outros custos | H2: Custo Tarefa | J2: Recurso Humano | K2: Custo (R$) | L2: Base | M2: Custo (R$) hora
B3: A | C3: 2 | D3: =J4 -> Nova | E3: =M4 -> 40 | F3: =C3*E3*M17 -> 640 | G3: 100 | H3: =F3+G3 -> 740
B4: B | C4: 1 | D4: =J6 -> Jean Gray | E4: =M6 -> 50 | F4: =C4*E4*M17 -> 400 | G4: 0 | H4: =F4+G4 -> 400 | J4: Nova | K4: 40 | L4: Hora | M4: =K4 -> 40
B5: C | C5: 1 | D5: =J5 -> Vespa | E5: =M5 -> 25 | F5: =C5*E5*M17 -> 200 | G5: 200 | H5: =F5+G5 -> 400 | J5: Vespa | K5: 200 | L5: Dia | M5: =K5/M17 -> 25
B6: D | C6: 9 | D6: =J7 -> Gaviã | E6: =M7 -> 71.428571 | F6: =C6*E6*M17 -> 5142.8571 | G6: 50 | H6: =F6+G6 -> 5192.8571 | J6: Jean Gray | K6: 50 | L6: Hora | M6: =K6 -> 50
B7: E | C7: 2 | D7: =J9 -> Hulkling | E7: =M9 -> 53.571429 | F7: =C7*E7*M17 -> 857.14286 | G7: 0 | H7: =F7+G7 -> 857.14286 | J7: Gaviã | K7: 4000 | L7: Semana | M7: =K7/7/M17 -> 71.428571
B8: F | C8: 3 | D8: =J4 -> Nova | E8: =K4 -> 40 | F8: =C8*E8*M17 -> 960 | G8: 500 | H8: =F8+G8 -> 1460 | J8: Wiccano | K8: 21600 | L8: Mês | M8: =K8/30/M17 -> 90
B9: G | C9: 1 | D9: =J4 -> Nova | E9: =M4 -> 40 | F9: =C9*E9*M17 -> 320 | G9: 100 | H9: =F9+G9 -> 420 | J9: Hulkling | K9: 3000 | L9: Semana | M9: =K9/7/M17 -> 53.571429
B10: H | C10: 2 | D10: =J8 -> Wiccano | E10: =M8 -> 90 | F10: =C10*E10*M17 -> 1440 | G10: 0 | H10: =F10+G10 -> 1440 | J10: Aranha | K10: 640 | L10: Dia | M10: =K10/M17 -> 80
B11: I | C11: 2 | D11: =J9 -> Hulkling | E11: =M9 -> 53.571429 | F11: =C11*E11*M17 -> 857.14286 | G11: 100 | H11: =F11+G11 -> 957.14286 | J11: Miss Marvel | K11: 1200 | L11: Dia | M11: =K11/M17 -> 150
B12: J | C12: 4 | D12: =J6 -> Jean Gray | E12: =M6 -> 50 | F12: =C12*E12*M17 -> 1600 | G12: 0 | H12: =F12+G12 -> 1600 | J12: Feiticeira | K12: 14400 | L12: Mês | M12: =K12/30/M17 -> 60
B13: K | C13: 1 | D13: =J4 -> Nova | E13: =M4 -> 40 | F13: =C13*E13*M17 -> 320 | G13: 200 | H13: =F13+G13 -> 520 | J13: Pantera | K13: 6000 | L13: Quinzena | M13: =K13/15/M17 -> 50
B14: L | C14: 3 | D14: =J5 -> Vespa | E14: =M5 -> 25 | F14: =C14*E14*M17 -> 600 | G14: 300 | H14: =F14+G14 -> 900 | J14: Tempestade | K14: 100 | L14: Hora | M14: =K14 -> 100
B15: M | C15: 1 | D15: =J7 -> Gaviã | E15: =M7 -> 71.428571 | F15: =C15*E15*M17 -> 571.42857 | G15: 0 | H15: =F15+G15 -> 571.42857
B16: N | C16: 3 | D16: =J13 -> Pantera | E16: =M13 -> 50 | F16: =C16*E16*M17 -> 1200 | G16: 100 | H16: =F16+G16 -> 1300 | J16: EMPRESA
B17: O | C17: 2.5 | D17: =J10 -> Aranha | E17: =M10 -> 80 | F17: =C17*E17*M17 -> 1600 | G17: 1000 | H17: =F17+G17 -> 2600 | J17: Horas Trabalhadas | M17: 8
J18: Quantidade dias de folga durante projeto | M18: {=SUMPRODUCT(--(WEEKDAY(ROW(INDIRECT(Custo!E24&":"&Custo!E23)),2)>5))} -> 10
B19: PROJETO
B20: CUSTO TOTAL | E20: =SUM(Custo!H3:H17) -> 19358.571
B21: Duração em dias corridos | E21: =E24-E23+1 -> 36
B22: Duração em dias utéis | E22: =E21-Custo!M18 -> 26
B23: Inicio do projeto | E23: =WORKDAY.INTL(E24,-'Diagrama de Rede'!AV2+0.5,1) -> 45919 | F23: começo da tarde
B24: Fim do projeto | E24: 45954 | F24: final da tarde

Sheet Grafico de Gantt
A2: TAREFA / DIA | C2: =Custo!E23 -> 45919 | E2: =C2+1 -> 45920 | G2: =E2+1 -> 45921 | I2: =G2+1 -> 45922 | K2: =I2+1 -> 45923 | M2: =K2+1 -> 45924 | O2: =M2+1 -> 45925 | Q2: =O2+1 -> 45926 | S2: =Q2+1 -> 45927 | U2: =S2+1 -> 45928 | W2: =U2+1 -> 45929 | Y2: =W2+1 -> 45930 | AA2: =Y2+1 -> 45931 | AC2: =AA2+1 -> 45932 | AE2: =AC2+1 -> 45933 | AG2: =AE2+1 -> 45934 | AI2: =AG2+1 -> 45935 | AK2: =AI2+1 -> 45936 | AM2: =AK2+1 -> 45937 | AO2: =AM2+1 -> 45938 | AQ2: =AO2+1 -> 45939 | AS2: =AQ2+1 -> 45940 | AU2: =AS2+1 -> 45941 | AW2: =AU2+1 -> 45942 | AY2: =AW2+1 -> 45943 | BA2: =AY2+1 -> 45944 | BC2: =BA2+1 -> 45945 | BE2: =BC2+1 -> 45946 | BG2: =BE2+1 -> 45947 | BI2: =BG2+1 -> 45948 | BK2: =BI2+1 -> 45949 | BM2: =BK2+1 -> 45950 | BO2: =BM2+1 -> 45951 | BQ2: =BO2+1 -> 45952 | BS2: =BQ2+1 -> 45953 | BU2: =BS2+1 -> 45954
A3: A
A4: B
A5: C
A6: D
A7: E
A8: F
A9: G
A10: H
A11: I
A12: J
A13: K
A14: L
... A19: LEGENDA
B20: = sem expediente
B21: = caminho crítico
B22: = tarefa com folgas
