Workbook

Sheet O que fazer
B2: 1. Planejar nas planilhas Fragmento_Custo (Diagrama de Rede) e Custo_Menor_Custo (Custo),
C3: a alocação de recursos visando o menor Custo, sem preocupação com o Cronograma (Duração).
B5: 2. Planejar nas planilhas Fragmento_Duração (Diagrama de Rede) e Custo_Menor_Duração (Custo),
C6: a alocação de recursos visando o menor Cronograma (Duração), sem preocupação com o Custo.
B8: 3. Apontar as Tarefas do Caminho Crítico e as Tarefas com Folga (em Custo e em Cronograma).
B10: 4. Subir a pasta com as respostas no Portal, atendendo à DI solicitada.

Sheet Fragmento_Custo_DR
B2: 0 | C2: 1-1 | D2: =B2+D5 -> 1 | F2: =D2 -> 1 | G2: =F2+1&"-"&H2 -> 2-2,5 | H2: =F2+H5 -> 2.5 | J2: =H14 -> 6 | K2: =J2+1&"-"&L2 -> 7-7,5 | L2: =J2+L5 -> 7.5 | N2: =L2 -> 7.5 | O2: =N2+1&"-"&P2 -> 8,5-8,5 | P2: =N2+P5 -> 8.5 | S2: Recurso | T2: Competente Tarefa | U2: Entrega em/horas | V2: Custo RH | W2: Base | Y2: Custo/Hora | AA2: T1 | AB2: custo/h | AC2: hora | AD2: Custo <
B3: Descrição A | F3: Descrição B | J3: Descrição E | N3: Descrição F | S3: Beatles | T3: 1 | U3: 1.5 | V3: 70 | W3: Hora | Y3: =V3 -> 70 | AA3: =S3 -> Beatles | AB3: =Y3 -> 70 | AC3: =U3 -> 1.5 | AD3: =AC3*AB3 -> 105
T4: 5 | U4: 2 | AA4: =S10 -> Guns | AB4: =Y10 -> 55 | AC4: =U10 -> 2 | AD4: =AC4*AB4 -> 110
B5: 1 | C5: =AA5 -> Nirvana | D5: =AC5 -> 1 | F5: 2 | G5: =AA10 -> Queen | H5: =AC10 -> 1.5 | J5: 5 | K5: =AA24 -> Sabbath | L5: =AC24 -> 1.5 | N5: 6 | O5: =AA28 -> Sabbath | P5: =AC28 -> 1 | T5: 6 | U5: 2.5 | AA5: =S12 -> Nirvana | AB5: =Y12 -> 75 | AC5: =U12 -> 1 | AD5: =AC5*AB5 -> 75
S6: Foo | T6: 2 | U6: 3.5 | V6: 360 | W6: Dia | Y6: =V6/8 -> 45 | AA6: =S19 -> Maiden | AB6: =Y19 -> 40 | AC6: =U19 -> 3 | AD6: =AC6*AB6 -> 120
T7: 3 | U7: 2
F8: =D2 -> 1 | G8: =F8+1&"-"&H8 -> 2-2,5 | H8: =F8+H11 -> 2.5 | N8: =L2 -> 7.5 | O8: =N8+1&"-"&P8 -> 8,5-10,5 | P8: =N8+P11 -> 10.5 | S8: Peppers | T8: 3 | U8: 2.5 | V8: 8400 | W8: Mês | Y8: =V8/30/8 -> 35 | AA8: T2
F9: Descrição C | N9: Descrição G | T9: 4 | U9: 5 | AA9: =S6 -> Foo | AB9: =Y6 -> 45 | AC9: =U6 -> 3.5 | AD9: =AB9*AC9 -> 157.5
S10: Guns | T10: 1 | U10: 2 | V10: 55 | W10: Hora | Y10: =V10 -> 55 | AA10: =S16 -> Queen | AB10: =Y16 -> 80 | AC10: =U16 -> 1.5 | AD10: =AB10*AC10 -> 120
F11: 3 | G11: =AA15 -> Guns | H11: =AC15 -> 1.5 | N11: 7 | O11: =AA32 -> Megadeth | P11: =AC32 -> 3 | T11: 3 | U11: 1.5
S12: Nirvana | T12: 1 | U12: 1 | V12: 4200 | W12: Semana | Y12: =V12/7/8 -> 75 | AA12: T3
T13: 4 | U13: 3 | AA13: =S6 -> Foo | AB13: =Y6 -> 45 | AC13: =U7 -> 2 | AD13: =AB13*AC13 -> 90
F14: =D2 -> 1 | G14: =F14+1&"-"&H14 -> 2-6 | H14: =F14+H17 -> 6 | S14: Sabbath | T14: 5 | U14: 1.5 | V14: 720 | W14: Dia | Y14: =V14/8 -> 90 | AA14: =S8 -> Peppers | AB14: =Y8 -> 35 | AC14: =U8 -> 2.5 | AD14: =AB14*AC14 -> 87.5
F15: Descrição D | T15: 6 | U15: 1 | AA15: =S10 -> Guns | AB15: =Y10 -> 55 | AC15: =U11 -> 1.5 | AD15: =AB15*AC15 -> 82.5
S16: Queen | T16: 2 | U16: 1.5 | V16: 80 | W16: Hora | Y16: =V16 -> 80
F17: 4 | G17: =AA18 -> Peppers | H17: =AC18 -> 5 | S17: Megadeth | T17: 6 | U17: 2 | V17: 6000 | W17: Quinzena | Y17: =V17/15/8 -> 50 | AA17: T4
T18: 7 | U18: 3 | AA18: =S8 -> Peppers | AB18: =Y8 -> 35 | AC18: =U9 -> 5 | AD18: =AB18*AC18 -> 175
C19: Tarefas do Caminho Crítico: | I19: 1;4;5;7 | L19: 4 | S19: Maiden | T19: 1 | U19: 3 | V19: 320 | W19: Dia | Y19: =V19/8 -> 40 | AA19: =S12 -> Nirvana | AB19: =Y12 -> 75 | AC19: =U13 -> 3 | AD19: =AB19*AC19 -> 225
C20: Tarefas com Folga (horas de Folga): | I20: 2(3,5*);3(3,5*);6(2) | L20: 3 | T20: 4 | U20: 4.5 | AA20: =S19 -> Maiden | AB20: =Y19 -> 40 | AC20: =U20 -> 4.5 | AD20: =AB20*AC20 -> 180
C21: % Tarefas do caminho crítico: | I21: =L19/7 -> 0.57142857 | T21: 7 | U21: 4
AA22: T5
C23: Determinar o número de horas totais do Projeto. | L23: =P8&" horas" -> 10,5 horas | AA23: =S3 -> Beatles | AB23: =Y3 -> 70 | AC23: =U4 -> 2 | AD23: =AB23*AC23 -> 140
S24: Custo RH | T24: Resultado | AA24: =S14 -> Sabbath | AB24: =Y14 -> 90 | AC24: =U14 -> 1.5 | AD24: =AB24*AC24 -> 135
C25: Determinar a quantidade de dias do Projeto: | L25: =P8/8 -> 1.3125 | M25: dia | S25: Dia/8 | T25: Hora
S26: Semana/7 | T26: Dia | AA26: T6
C27: Determinar a data e hora do fim do Projeto tendo | S27: Quinzena/15 | T27: Dia | AA27: =S3 -> Beatles | AB27: =Y3 -> 70 | AC27: =U5 -> 2.5 | AD27: =AB27*AC27 -> 175
C28: como início 29/10/2025, pela manhã. | S28: Mês/30 | T28: Dia | AA28: =S14 -> Sabbath | AB28: =Y14 -> 90 | AC28: =U15 -> 1 | AD28: =AB28*AC28 -> 90
C29: como fim 30/10/2025, pela manhã as 10h30 | AA29: =S17 -> Megadeth | AB29: =Y17 -> 50 | AC29: =U17 -> 2 | AD29: =AB29*AC29 -> 100
C31: Atenção: Entregas em horas. | AA31: T7
AA32: =S17 -> Megadeth | AB32: =Y17 -> 50 | AC32: =U18 -> 3 | AD32: =AB32*AC32 -> 150
AA33: =S19 -> Maiden | AB33: =Y19 -> 40 | AC33: =U21 -> 4 | AD33: =AB33*AC33 -> 160

Sheet Custo_Menor Custo
B2: Tarefa | C2: Duração | D2: RH | E2: Custo RH | F2: Custo RH T | G2: Outros Custos | H2: Custo Tarefa | J2: Recurso | K2: Competente Tarefa | L2: Entrega em/horas | M2: Custo RH | N2: Base | P2: Custo/Hora
B3: 1 | C3: =Fragmento_Custo_DR!D5 -> 1 | D3: =Fragmento_Custo_DR!C5 -> Nirvana | E3: =P12 -> 75 | F3: =E3*C3 -> 75 | G3: 500 | H3: =G3+F3 -> 575 | J3: Beatles | K3: 1 | L3: 1.5 | M3: 70 | N3: Hora | P3: =M3 -> 70
B4: 2 | C4: =Fragmento_Custo_DR!H5 -> 1.5 | D4: =Fragmento_Custo_DR!G5 -> Queen | E4: =P16 -> 80 | F4: =E4*C4 -> 120 | G4: 0 | H4: =G4+F4 -> 120 | K4: 5 | L4: 2
B5: 3 | C5: =Fragmento_Custo_DR!H11 -> 1.5 | D5: =Fragmento_Custo_DR!G11 -> Guns | E5: =P10 -> 55 | F5: =E5*C5 -> 82.5 | G5: 650 | H5: =G5+F5 -> 732.5 | K5: 6 | L5: 2.5
B6: 4 | C6: =Fragmento_Custo_DR!H17 -> 5 | D6: =Fragmento_Custo_DR!G17 -> Peppers | E6: =P8 -> 35 | F6: =E6*C6 -> 175 | G6: 250 | H6: =G6+F6 -> 425 | J6: Foo | K6: 2 | L6: 3.5 | M6: 360 | N6: Dia | P6: =M6/8 -> 45
B7: 5 | C7: =Fragmento_Custo_DR!L5 -> 1.5 | D7: =Fragmento_Custo_DR!K5 -> Sabbath | E7: =P14 -> 90 | F7: =E7*C7 -> 135 | G7: 0 | H7: =G7+F7 -> 135 | K7: 3 | L7: 2
B8: 6 | C8: =Fragmento_Custo_DR!P5 -> 1 | D8: =Fragmento_Custo_DR!O5 -> Sabbath | E8: =P14 -> 90 | F8: =E8*C8 -> 90 | G8: 1000 | H8: =G8+F8 -> 1090 | J8: Peppers | K8: 3 | L8: 2.5 | M8: 8400 | N8: Mês | P8: =M8/30/8 -> 35
B9: 7 | C9: =Fragmento_Custo_DR!P11 -> 3 | D9: =Fragmento_Custo_DR!O11 -> Megadeth | E9: =P17 -> 50 | F9: =E9*C9 -> 150 | G9: 390 | H9: =G9+F9 -> 540 | K9: 4 | L9: 5
B10: Custo Total (Recursos) | H10: =SUM(H3:H9) -> 3617.5 | J10: Guns | K10: 1 | L10: 2 | M10: 55 | N10: Hora | P10: =M10 -> 55
K11: 3 | L11: 1.5
J12: Nirvana | K12: 1 | L12: 1 | M12: 4200 | N12: Semana | P12: =M12/7/8 -> 75
K13: 4 | L13: 3
J14: Sabbath | K14: 5 | L14: 1.5 | M14: 720 | N14: Dia | P14: =M14/8 -> 90
K15: 6 | L15: 1
J16: Queen | K16: 2 | L16: 1.5 | M16: 80 | N16: Hora | P16: =M16 -> 80
J17: Megadeth | K17: 6 | L17: 2 | M17: 6000 | N17: Quinzena | P17: =M17/15/8 -> 50
K18: 7 | L18: 3
J19: Maiden | K19: 1 | L19: 3 | M19: 320 | N19: Dia | P19: =M19/8 -> 40
K20: 4 | L20: 4.5
K21: 7 | L21: 4
J24: Custo RH | K24: Resultado
J25: Dia/8 | K25: Hora
J26: Semana/7 | K26: Dia
J27: Quinzena/15 | K27: Dia
J28: Mês/30 | K28: Dia

Sheet Fragmento_Duração_DR
B2: 0 | C2: 1-1 | D2: =B2+D5 -> 1 | F2: =D2 -> 1 | G2: =F2+1&"-"&H2 -> 2-2,5 | H2: =F2+H5 -> 2.5 | J2: =H14 -> 4 | K2: =J2+1&"-"&L2 -> 5-5,5 | L2: =J2+L5 -> 5.5 | N2: =L2 -> 5.5 | O2: =N2+1&"-"&P2 -> 6,5-6,5 | P2: =N2+P5 -> 6.5 | S2: Recurso | T2: Competente Tarefa | U2: Entrega em/horas | V2: Custo RH | W2: Base | Y2: Custo/Hora | AA2: T1 | AB2: custo/h | AC2: hora | AD2: Custo <
B3: Descrição A | F3: Descrição B | J3: Descrição E | N3: Descrição F | S3: Beatles | T3: 1 | U3: 1.5 | V3: 70 | W3: Hora | Y3: =V3 -> 70 | AA3: =S3 -> Beatles | AB3: =Y3 -> 70 | AC3: =U3 -> 1.5 | AD3: =AC3*AB3 -> 105
T4: 5 | U4: 2 | AA4: =S10 -> Guns | AB4: =Y10 -> 55 | AC4: =U10 -> 2 | AD4: =AC4*AB4 -> 110
B5: 1 | C5: =AA5 -> Nirvana | D5: =AC5 -> 1 | F5: 2 | G5: =AA10 -> Queen | H5: =AC10 -> 1.5 | J5: 5 | K5: =AA24 -> Sabbath | L5: =AC24 -> 1.5 | N5: 6 | O5: =AA28 -> Sabbath | P5: =AC28 -> 1 | T5: 6 | U5: 2.5 | AA5: =S12 -> Nirvana | AB5: =Y12 -> 75 | AC5: =U12 -> 1 | AD5: =AC5*AB5 -> 75
S6: Foo | T6: 2 | U6: 3.5 | V6: 360 | W6: Dia | Y6: =V6/8 -> 45 | AA6: =S19 -> Maiden | AB6: =Y19 -> 40 | AC6: =U19 -> 3 | AD6: =AC6*AB6 -> 120
T7: 3 | U7: 2
F8: =D2 -> 1 | G8: =F8+1&"-"&H8 -> 2-2,5 | H8: =F8+H11 -> 2.5 | N8: =L2 -> 5.5 | O8: =N8+1&"-"&P8 -> 6,5-8,5 | P8: =N8+P11 -> 8.5 | S8: Peppers | T8: 3 | U8: 2.5 | V8: 8400 | W8: Mês | Y8: =V8/30/8 -> 35 | AA8: T2
F9: Descrição C | N9: Descrição G | T9: 4 | U9: 5 | AA9: =S6 -> Foo | AB9: =Y6 -> 45 | AC9: =U6 -> 3.5 | AD9: =AB9*AC9 -> 157.5
S10: Guns | T10: 1 | U10: 2 | V10: 55 | W10: Hora | Y10: =V10 -> 55 | AA10: =S16 -> Queen | AB10: =Y16 -> 80 | AC10: =U16 -> 1.5 | AD10: =AB10*AC10 -> 120
F11: 3 | G11: =AA15 -> Guns | H11: =AC15 -> 1.5 | N11: 7 | O11: =AA32 -> Megadeth | P11: =AC32 -> 3 | T11: 3 | U11: 1.5
S12: Nirvana | T12: 1 | U12: 1 | V12: 4200 | W12: Semana | Y12: =V12/7/8 -> 75 | AA12: T3
T13: 4 | U13: 3 | AA13: =S6 -> Foo | AB13: =Y6 -> 45 | AC13: =U7 -> 2 | AD13: =AB13*AC13 -> 90
F14: =D2 -> 1 | G14: =F14+1&"-"&H14 -> 2-4 | H14: =F14+H17 -> 4 | S14: Sabbath | T14: 5 | U14: 1.5 | V14: 720 | W14: Dia | Y14: =V14/8 -> 90 | AA14: =S8 -> Peppers | AB14: =Y8 -> 35 | AC14: =U8 -> 2.5 | AD14: =AB14*AC14 -> 87.5
F15: Descrição D | T15: 6 | U15: 1 | AA15: =S10 -> Guns | AB15: =Y10 -> 55 | AC15: =U11 -> 1.5 | AD15: =AB15*AC15 -> 82.5
S16: Queen | T16: 2 | U16: 1.5 | V16: 80 | W16: Hora | Y16: =V16 -> 80
F17: 4 | G17: =AA19 -> Nirvana | H17: =AC19 -> 3 | S17: Megadeth | T17: 6 | U17: 2 | V17: 6000 | W17: Quinzena | Y17: =V17/15/8 -> 50 | AA17: T4
T18: 7 | U18: 3 | AA18: =S8 -> Peppers | AB18: =Y8 -> 35 | AC18: =U9 -> 5 | AD18: =AB18*AC18 -> 175
C19: Tarefas do Caminho Crítico: | I19: 1;4;5;7 | L19: 4 | S19: Maiden | T19: 1 | U19: 3 | V19: 320 | W19: Dia | Y19: =V19/8 -> 40 | AA19: =S12 -> Nirvana | AB19: =Y12 -> 75 | AC19: =U13 -> 3 | AD19: =AB19*AC19 -> 225
C20: Tarefas com Folga (horas de Folga): | I20: 2(1,5*);3(1,5*);6(2) | L20: 3 | T20: 4 | U20: 4.5 | AA20: =S19 -> Maiden | AB20: =Y19 -> 40 | AC20: =U20 -> 4.5 | AD20: =AB20*AC20 -> 180
C21: % Tarefas do caminho crítico: | I21: =L19/7 -> 0.57142857 | T21: 7 | U21: 4
AA22: T5
C23: Determinar o número de horas totais do Projeto. | L23: =P8&" horas" -> 8,5 horas | AA23: =S3 -> Beatles | AB23: =Y3 -> 70 | AC23: =U4 -> 2 | AD23: =AB23*AC23 -> 140
S24: Custo RH | T24: Resultado | AA24: =S14 -> Sabbath | AB24: =Y14 -> 90 | AC24: =U14 -> 1.5 | AD24: =AB24*AC24 -> 135
C25: Determinar a quantidade de dias do Projeto: | L25: =P8/8 -> 1.0625 | M25: dia | S25: Dia/8 | T25: Hora
S26: Semana/7 | T26: Dia | AA26: T6
C27: Determinar a data e hora do fim do Projeto tendo | S27: Quinzena/15 | T27: Dia | AA27: =S3 -> Beatles | AB27: =Y3 -> 70 | AC27: =U5 -> 2.5 | AD27: =AB27*AC27 -> 175
C28: como início 06/10/2025, pela manhã. | S28: Mês/30 | T28: Dia | AA28: =S14 -> Sabbath | AB28: =Y14 -> 90 | AC28: =U15 -> 1 | AD28: =AB28*AC28 -> 90
C29: como fim 07/10/2025, pela manhã as 8h30 | AA29: =S17 -> Megadeth | AB29: =Y17 -> 50 | AC29: =U17 -> 2 | AD29: =AB29*AC29 -> 100
C31: Atenção: Entregas em horas. | AA31: T7
AA32: =S17 -> Megadeth | AB32: =Y17 -> 50 | AC32: =U18 -> 3 | AD32: =AB32*AC32 -> 150
AA33: =S19 -> Maiden | AB33: =Y19 -> 40 | AC33: =U21 -> 4 | AD33: =AB33*AC33 -> 160

Sheet Custo_Menor Duração
B2: Tarefa | C2: Duração | D2: RH | E2: Custo RH | F2: Custo RH T | G2: Outros Custos | H2: Custo Tarefa | J2: Recurso | K2: Competente Tarefa | L2: Entrega em/horas | M2: Custo RH | N2: Base | P2: Custo/Hora
B3: 1 | C3: =Fragmento_Custo_DR!D5 -> 1 | D3: =Fragmento_Custo_DR!C5 -> Nirvana | E3: =P12 -> 75 | F3: =E3*C3 -> 75 | G3: 500 | H3: =G3+F3 -> 575 | J3: Beatles | K3: 1 | L3: 1.5 | M3: 70 | N3: Hora | P3: =M3 -> 70
B4: 2 | C4: =Fragmento_Custo_DR!H5 -> 1.5 | D4: =Fragmento_Custo_DR!G5 -> Queen | E4: =P16 -> 80 | F4: =E4*C4 -> 120 | G4: 0 | H4: =G4+F4 -> 120 | K4: 5 | L4: 2
B5: 3 | C5: =Fragmento_Custo_DR!H11 -> 1.5 | D5: =Fragmento_Custo_DR!G11 -> Guns | E5: =P10 -> 55 | F5: =E5*C5 -> 82.5 | G5: 650 | H5: =G5+F5 -> 732.5 | K5: 6 | L5: 2.5
B6: 4 | C6: =Fragmento_Duração_DR!AC19 -> 3 | D6: =Fragmento_Duração_DR!AA19 -> Nirvana | E6: =P12 -> 75 | F6: =E6*C6 -> 225 | G6: 250 | H6: =G6+F6 -> 475 | J6: Foo | K6: 2 | L6: 3.5 | M6: 360 | N6: Dia | P6: =M6/8 -> 45
B7: 5 | C7: =Fragmento_Custo_DR!L5 -> 1.5 | D7: =Fragmento_Custo_DR!K5 -> Sabbath | E7: =P14 -> 90 | F7: =E7*C7 -> 135 | G7: 0 | H7: =G7+F7 -> 135 | K7: 3 | L7: 2
B8: 6 | C8: =Fragmento_Custo_DR!P5 -> 1 | D8: =Fragmento_Custo_DR!O5 -> Sabbath | E8: =P14 -> 90 | F8: =E8*C8 -> 90 | G8: 1000 | H8: =G8+F8 -> 1090 | J8: Peppers | K8: 3 | L8: 2.5 | M8: 8400 | N8: Mês | P8: =M8/30/8 -> 35
B9: 7 | C9: =Fragmento_Custo_DR!P11 -> 3 | D9: =Fragmento_Custo_DR!O11 -> Megadeth | E9: =P17 -> 50 | F9: =E9*C9 -> 150 | G9: 390 | H9: =G9+F9 -> 540 | K9: 4 | L9: 5
B10: Custo Total (Recursos) | H10: =SUM(H3:H9) -> 3667.5 | J10: Guns | K10: 1 | L10: 2 | M10: 55 | N10: Hora | P10: =M10 -> 55
K11: 3 | L11: 1.5
J12: Nirvana | K12: 1 | L12: 1 | M12: 4200 | N12: Semana | P12: =M12/7/8 -> 75
K13: 4 | L13: 3
J14: Sabbath | K14: 5 | L14: 1.5 | M14: 720 | N14: Dia | P14: =M14/8 -> 90
K15: 6 | L15: 1
J16: Queen | K16: 2 | L16: 1.5 | M16: 80 | N16: Hora | P16: =M16 -> 80
J17: Megadeth | K17: 6 | L17: 2 | M17: 6000 | N17: Quinzena | P17: =M17/15/8 -> 50
K18: 7 | L18: 3
J19: Maiden | K19: 1 | L19: 3 | M19: 320 | N19: Dia | P19: =M19/8 -> 40
K20: 4 | L20: 4.5
K21: 7 | L21: 4
J24: Custo RH | K24: Resultado
J25: Dia/8 | K25: Hora
J26: Semana/7 | K26: Dia
J27: Quinzena/15 | K27: Dia
J28: Mês/30 | K28: Dia
